{
	 "rootnode": {
		 "name": "unnamed"
		,"transformation": [
			 0.0254
			,0
			,0
			,0
			,0
			,0
			,0.0254
			,0
			,0
			,-0.0254
			,0
			,0
			,0
			,0
			,0
			,1
		]
		,"children": [
			{
				 "name": "SketchUp"
				,"transformation": [
					 1
					,0
					,0
					,0
					,0
					,1
					,0
					,0
					,0
					,0
					,1
					,0
					,0
					,0
					,0
					,1
				]
				,"meshes": [
					 0
					,1
					,2
				]
				,"children": [
					{
						 "name": "Last Saved SketchUp View"
						,"transformation": [
							 -0.875598
							,0.209804
							,-0.435098
							,-15.511
							,-0.483041
							,-0.380308
							,0.788694
							,79.736
							,-1.49012e-08
							,0.900749
							,0.434341
							,50.9309
							,0
							,0
							,0
							,1
						]
					}
				]
			}
		]
	}
	,"flags": 8
	,"meshes": [
		{
			 "name": "ID2"
			,"materialindex": 2
			,"primitivetypes": 4
			,"vertices": [
				 48
				,-5.75677
				,4.043
				,-0.057
				,6.25423
				,4.043
				,-0.057
				,-5.75677
				,4.043
				,40.1714
				,-0.571748
				,4.043
				,47.2754
				,-0.571748
				,4.043
				,47.2754
				,1.66425
				,4.043
				,40.1714
				,1.66425
				,4.043
				,48
				,6.25423
				,4.043
				,48
				,6.25423
				,-4.381
				,48
				,-5.75677
				,4.043
				,48
				,-5.75677
				,-4.381
				,48
				,6.25423
				,4.043
				,-0.057
				,6.25423
				,-4.381
				,17.7244
				,6.25423
				,-1.248
				,48
				,6.25423
				,-4.381
				,-0.057
				,6.25423
				,4.043
				,17.7244
				,6.25423
				,0.91
				,31.0204
				,6.25423
				,0.91
				,31.0204
				,6.25423
				,-1.248
				,48
				,6.25423
				,4.043
				,-0.057
				,6.25423
				,4.043
				,-0.057
				,-5.75677
				,-4.381
				,-0.057
				,-5.75677
				,4.043
				,-0.057
				,6.25423
				,-4.381
				,48
				,-5.75677
				,-4.381
				,31.0204
				,-5.75677
				,-1.248
				,-0.057
				,-5.75677
				,-4.381
				,48
				,-5.75677
				,4.043
				,31.0204
				,-5.75677
				,0.91
				,17.7244
				,-5.75677
				,0.91
				,17.7244
				,-5.75677
				,-1.248
				,-0.057
				,-5.75677
				,4.043
				,48
				,6.25423
				,-4.381
				,-0.057
				,-5.75677
				,-4.381
				,-0.057
				,6.25423
				,-4.381
				,48
				,-5.75677
				,-4.381
			]
			,"normals": [
				 0
				,0
				,1
				,0
				,0
				,1
				,0
				,0
				,1
				,0
				,0
				,1
				,0
				,0
				,1
				,0
				,0
				,1
				,0
				,0
				,1
				,0
				,0
				,1
				,1
				,0
				,0
				,1
				,0
				,0
				,1
				,0
				,0
				,1
				,0
				,0
				,-0
				,1
				,-0
				,-0
				,1
				,-0
				,-0
				,1
				,-0
				,-0
				,1
				,-0
				,-0
				,1
				,-0
				,-0
				,1
				,-0
				,-0
				,1
				,-0
				,-0
				,1
				,-0
				,-1
				,0
				,0
				,-1
				,0
				,0
				,-1
				,0
				,0
				,-1
				,0
				,0
				,0
				,-1
				,0
				,0
				,-1
				,0
				,0
				,-1
				,0
				,0
				,-1
				,0
				,0
				,-1
				,0
				,0
				,-1
				,0
				,0
				,-1
				,0
				,0
				,-1
				,0
				,0
				,0
				,-1
				,0
				,0
				,-1
				,0
				,0
				,-1
				,0
				,0
				,-1
			]
			,"faces": [
				[
					 0
					,1
					,2
				]
				,[
					 1
					,0
					,3
				]
				,[
					 3
					,0
					,4
				]
				,[
					 4
					,0
					,5
				]
				,[
					 7
					,5
					,0
				]
				,[
					 1
					,6
					,7
				]
				,[
					 6
					,1
					,3
				]
				,[
					 7
					,6
					,5
				]
				,[
					 8
					,9
					,10
				]
				,[
					 9
					,8
					,11
				]
				,[
					 12
					,13
					,14
				]
				,[
					 13
					,12
					,15
				]
				,[
					 13
					,15
					,16
				]
				,[
					 18
					,14
					,13
				]
				,[
					 14
					,18
					,19
				]
				,[
					 19
					,18
					,17
				]
				,[
					 19
					,17
					,15
				]
				,[
					 16
					,15
					,17
				]
				,[
					 20
					,21
					,22
				]
				,[
					 21
					,20
					,23
				]
				,[
					 24
					,25
					,26
				]
				,[
					 25
					,24
					,27
				]
				,[
					 25
					,27
					,28
				]
				,[
					 30
					,26
					,25
				]
				,[
					 26
					,30
					,31
				]
				,[
					 31
					,30
					,29
				]
				,[
					 31
					,29
					,27
				]
				,[
					 28
					,27
					,29
				]
				,[
					 32
					,33
					,34
				]
				,[
					 33
					,32
					,35
				]
			]
		}
		,{
			 "name": ""
			,"materialindex": 0
			,"primitivetypes": 4
			,"vertices": [
				 40.3904
				,-21.1198
				,0.91
				,27.0944
				,-21.1198
				,-1.248
				,40.3904
				,-21.1198
				,-1.248
				,27.0944
				,-21.1198
				,0.91
				,31.0204
				,-5.75677
				,-1.248
				,40.3904
				,-21.1198
				,0.91
				,40.3904
				,-21.1198
				,-1.248
				,31.0204
				,-5.75677
				,0.91
				,27.0944
				,-21.1198
				,0.91
				,31.0204
				,-5.75677
				,0.91
				,17.7244
				,-5.75677
				,0.91
				,40.3904
				,-21.1198
				,0.91
				,17.7244
				,-5.75677
				,0.91
				,27.0944
				,-21.1198
				,-1.248
				,27.0944
				,-21.1198
				,0.91
				,17.7244
				,-5.75677
				,-1.248
				,31.0204
				,-5.75677
				,-1.248
				,27.0944
				,-21.1198
				,-1.248
				,17.7244
				,-5.75677
				,-1.248
				,40.3904
				,-21.1198
				,-1.248
				,27.0944
				,22.1032
				,0.91
				,40.3904
				,22.1032
				,-1.248
				,27.0944
				,22.1032
				,-1.248
				,40.3904
				,22.1032
				,0.91
				,27.0944
				,22.1032
				,0.91
				,17.7244
				,6.25423
				,-1.248
				,17.7244
				,6.25423
				,0.91
				,27.0944
				,22.1032
				,-1.248
				,31.0204
				,6.25423
				,0.91
				,27.0944
				,22.1032
				,0.91
				,17.7244
				,6.25423
				,0.91
				,40.3904
				,22.1032
				,0.91
				,40.3904
				,22.1032
				,-1.248
				,31.0204
				,6.25423
				,0.91
				,31.0204
				,6.25423
				,-1.248
				,40.3904
				,22.1032
				,0.91
				,27.0944
				,22.1032
				,-1.248
				,31.0204
				,6.25423
				,-1.248
				,17.7244
				,6.25423
				,-1.248
				,40.3904
				,22.1032
				,-1.248
			]
			,"normals": [
				 0
				,-1
				,0
				,0
				,-1
				,0
				,0
				,-1
				,0
				,0
				,-1
				,0
				,0.853739
				,0.520701
				,-0
				,0.853739
				,0.520701
				,-0
				,0.853739
				,0.520701
				,-0
				,0.853739
				,0.520701
				,-0
				,-0
				,-0
				,1
				,-0
				,-0
				,1
				,-0
				,-0
				,1
				,-0
				,-0
				,1
				,-0.853739
				,-0.520701
				,0
				,-0.853739
				,-0.520701
				,0
				,-0.853739
				,-0.520701
				,0
				,-0.853739
				,-0.520701
				,0
				,0
				,0
				,-1
				,0
				,0
				,-1
				,0
				,0
				,-1
				,0
				,0
				,-1
				,-0
				,1
				,-0
				,-0
				,1
				,-0
				,-0
				,1
				,-0
				,-0
				,1
				,-0
				,-0.860815
				,0.508918
				,0
				,-0.860815
				,0.508918
				,0
				,-0.860815
				,0.508918
				,0
				,-0.860815
				,0.508918
				,0
				,-0
				,-0
				,1
				,-0
				,-0
				,1
				,-0
				,-0
				,1
				,-0
				,-0
				,1
				,0.860815
				,-0.508918
				,-0
				,0.860815
				,-0.508918
				,-0
				,0.860815
				,-0.508918
				,-0
				,0.860815
				,-0.508918
				,-0
				,0
				,0
				,-1
				,0
				,0
				,-1
				,0
				,0
				,-1
				,0
				,0
				,-1
			]
			,"faces": [
				[
					 0
					,1
					,2
				]
				,[
					 1
					,0
					,3
				]
				,[
					 4
					,5
					,6
				]
				,[
					 5
					,4
					,7
				]
				,[
					 8
					,9
					,10
				]
				,[
					 9
					,8
					,11
				]
				,[
					 12
					,13
					,14
				]
				,[
					 13
					,12
					,15
				]
				,[
					 16
					,17
					,18
				]
				,[
					 17
					,16
					,19
				]
				,[
					 20
					,21
					,22
				]
				,[
					 21
					,20
					,23
				]
				,[
					 24
					,25
					,26
				]
				,[
					 25
					,24
					,27
				]
				,[
					 28
					,29
					,30
				]
				,[
					 29
					,28
					,31
				]
				,[
					 32
					,33
					,34
				]
				,[
					 33
					,32
					,35
				]
				,[
					 36
					,37
					,38
				]
				,[
					 37
					,36
					,39
				]
			]
		}
		,{
			 "name": "ID24"
			,"materialindex": 1
			,"primitivetypes": 4
			,